{
  "Config 2 request" : {
    "transaction" : "Config 2 request",
    "sampleCount" : 2184,
    "errorCount" : 2184,
    "errorPct" : 100.0,
    "meanResTime" : 800.5521978021984,
    "medianResTime" : 798.0,
    "minResTime" : 718.0,
    "maxResTime" : 983.0,
    "pct1ResTime" : 831.5,
    "pct2ResTime" : 836.0,
    "pct3ResTime" : 849.1500000000001,
    "throughput" : 7.272606183713226,
    "receivedKBytesPerSec" : 1.640597684021245,
    "sentKBytesPerSec" : 1.1221404072526264
  },
  "Config 3 request" : {
    "transaction" : "Config 3 request",
    "sampleCount" : 2185,
    "errorCount" : 3,
    "errorPct" : 0.13729978,
    "meanResTime" : 401.3652173913045,
    "medianResTime" : 400.0,
    "minResTime" : 317.0,
    "maxResTime" : 696.0,
    "pct1ResTime" : 429.0,
    "pct2ResTime" : 436.0,
    "pct3ResTime" : 462.27999999999975,
    "throughput" : 7.273538301753638,
    "receivedKBytesPerSec" : 1.6408079567432525,
    "sentKBytesPerSec" : 1.1222842301533935
  },
  "Total" : {
    "transaction" : "Total",
    "sampleCount" : 6556,
    "errorCount" : 4374,
    "errorPct" : 66.717514,
    "meanResTime" : 800.9434106162267,
    "medianResTime" : 798.0,
    "minResTime" : 317.0,
    "maxResTime" : 1389.0,
    "pct1ResTime" : 1209.0,
    "pct2ResTime" : 1223.0,
    "pct3ResTime" : 1237.4300000000003,
    "throughput" : 7.270718942795766,
    "receivedKBytesPerSec" : 1.640171949009592,
    "sentKBytesPerSec" : 1.1218492118766905
  },
  "Config 1 request" : {
    "transaction" : "Config 1 request",
    "sampleCount" : 2187,
    "errorCount" : 2187,
    "errorPct" : 100.0,
    "meanResTime" : 1200.546867855512,
    "medianResTime" : 1198.0,
    "minResTime" : 1123.0,
    "maxResTime" : 1389.0,
    "pct1ResTime" : 1227.0,
    "pct2ResTime" : 1234.0,
    "pct3ResTime" : 1274.0,
    "throughput" : 7.266456680355648,
    "receivedKBytesPerSec" : 1.6392104425411667,
    "sentKBytesPerSec" : 1.1211915581017504
  }
}